Country,Year,General_population,Young_novice_drivers,commercial_drivers
Afghanistan,2012,,,
Albania,2012,0.05,0.05,0.05
Algeria,2012,0.02,0.02,0.02
Andorra,2012,0.05,0.05,0.02
Angola,2012,0.06,0.06,0.06
Antigua and Barbuda,2012,,,
Argentina,2012,0.05,0.05,
Armenia,2012,0.04,0.04,0.04
Australia,2012,0.05,,
Austria,2012,0.05,0.01,0.01
Azerbaijan,2012,,,
Bahamas,2012,0.08,0.08,0.08
Bahrain,2012,,,
Bangladesh,2012,,,
Barbados,2012,,,
Belarus,2012,0.03,0.03,0.03
Belgium,2012,0.05,0.05,0.05
Belize,2012,0.08,0.08,0.08
Benin,2012,0.05,0.05,0.05
Bhutan,2012,0.08,0.08,
Bolivia (Plurinational State of),2012,,,0.05
Bosnia and Herzegovina,2012,0.03,,
Botswana,2012,0.08,0.08,0.08
Brazil,2012,0.02,0.02,0.02
Brunei Darussalam,2012,0.08,0.08,0.08
Bulgaria,2012,0.05,0.05,0.05
Burkina Faso,2012,,,
Burundi,2012,,,
Cte dIvoire,2012,0.08,0.08,0.08
Cabo Verde,2012,0.08,0.08,0.08
Cambodia,2012,0.05,0.05,0.05
Cameroon,2012,0.08,0.08,0.08
Canada,2012,-,,-
Central African Republic,2012,0.08,0.08,0.08
Chad,2012,0.05,0.05,0.05
Chile,2012,0.03,0.03,0.03
China,2012,0.02,0.02,0.02
Colombia,2012,0.04,0.04,0.04
Comoros,2012,,,
Congo,2012,0.08,0.08,0.08
Cook Islands,2012,0.08,0.08,0.08
Costa Rica,2012,0.05,0.05,0.05
Croatia,2012,0.05,,
Cuba,2012,0.05,,
Cyprus,2012,0.05,0.05,0.05
Czech Republic,2012,,,
Democratic Peoples Republic of Korea,2012,,,
Democratic Republic of the Congo,2012,0.01,0.01,0.01
Denmark,2012,0.05,0.05,0.05
Djibouti,2012,,,
Dominica,2012,,,
Dominican Republic,2012,0.05,0.03,0.03
Ecuador,2012,0.03,0.03,0.01
Egypt,2012,,,
El Salvador,2012,0.05,0.05,0.05
Equatorial Guinea,2012,0.15,0.15,0.15
Eritrea,2012,0.05,0.05,0.03
Estonia,2012,0.02,0.02,0.02
Ethiopia,2012,0.08,0.08,0.08
Fiji,2012,0.08,0.08,0.08
Finland,2012,0.05,0.05,0.05
France,2012,0.05,0.05,0.05
Gabon,2012,0.08,0.08,0.08
Gambia,2012,,,
Georgia,2012,0.02,0.02,0.02
Germany,2012,0.05,,
Ghana,2012,0.08,0.08,0.08
Greece,2012,0.05,0.02,0.02
Grenada,2012,,,
Guatemala,2012,,,
Guinea,2012,0.08,0.08,0.08
Guinea-Bissau,2012,0.15,0.15,0.15
Guyana,2012,0.08,0.08,0.08
Haiti,2012,,,
Honduras,2012,0.07,0.07,0.07
Hungary,2012,,,
Iceland,2012,0.05,0.05,0.05
India,2012,0.03,0.03,0.03
Indonesia,2012,,,
Iran (Islamic Republic of),2012,,,
Iraq,2012,0.08,0.08,0.08
Ireland,2012,0.05,0.02,0.02
Israel,2012,0.05,0.01,0.01
Italy,2012,0.05,,
Jamaica,2012,0.08,0.08,0.08
Japan,2012,0.03,0.03,0.03
Jordan,2012,0.05,0.05,0.05
Kazakhstan,2012,,,
Kenya,2012,,,
Kiribati,2012,0.08,0.08,0.08
Kuwait,2012,,,
Kyrgyzstan,2012,0.05,0.05,0.05
Lao Peoples Democratic Republic,2012,0.08,0.08,0.08
Latvia,2012,0.05,0.02,0.05
Lebanon,2012,,,
Lesotho,2012,0.08,0.08,0.08
Liberia,2012,0.05,0.05,0.05
Libya,2012,,,
Lithuania,2012,0.04,0.02,0.02
Luxembourg,2012,0.05,0.02,0.02
Madagascar,2012,0.08,0.08,0.08
Malawi,2012,0.08,0.08,0.08
Malaysia,2012,0.08,0.08,0.08
Maldives,2012,,,
Mali,2012,0.03,0.03,0.03
Malta,2012,0.08,0.08,0.08
Marshall Islands,2012,,,
Mauritania,2012,,,
Mauritius,2012,0.05,0.05,0.05
Mexico,2012,-,-,-
Micronesia (Federated States of),2012,0.05,0.05,0.05
Monaco,2012,0.05,0.05,0.05
Mongolia,2012,0.05,0.05,0.05
Montenegro,2012,0.05,0.05,0.05
Morocco,2012,,,
Mozambique,2012,0.06,0.06,0.06
Myanmar,2012,0.07,,
Namibia,2012,0.08,0.08,0.08
Nauru,2012,,,
Nepal,2012,,,
Netherlands,2012,0.05,0.02,0.05
New Zealand,2012,0.08,,0.08
Nicaragua,2012,0.05,0.05,0.05
Niger,2012,,,
Nigeria,2012,0.05,0.05,0.05
Niue,2012,0.08,0.08,0.08
Norway,2012,0.02,0.02,0.02
Oman,2012,0.08,0.08,0.08
Pakistan,2012,,,
Palau,2012,0.1,,
Panama,2012,0.05,0.05,0.05
Papua New Guinea,2012,,,
Paraguay,2012,,,
Peru,2012,0.05,0.05,0.05
Philippines,2012,0.05,0.05,0.05
Poland,2012,0.02,0.02,0.02
Portugal,2012,0.05,0.05,0.05
Qatar,2012,,,
Republic of Korea,2012,0.05,0.05,0.05
Republic of Moldova,2012,0.03,0.03,0.03
Romania,2012,,,
Russian Federation,2012,,,
Rwanda,2012,0.08,0.08,0.08
Saint Kitts and Nevis,2012,0.08,0.08,0.08
Saint Lucia,2012,0.08,0.08,0.08
Saint Vincent and the Grenadines,2012,,,
Samoa,2012,0.04,0.04,0.04
San Marino,2012,0.05,0.05,0.05
Sao Tome and Principe,2012,0.05,0.05,0.05
Saudi Arabia,2012,,,
Senegal,2012,,,
Serbia,2012,0.03,,
Seychelles,2012,0.08,0.08,0.08
Sierra Leone,2012,,,
Singapore,2012,0.08,0.08,0.08
Slovakia,2012,,,
Slovenia,2012,0.05,,
Solomon Islands,2012,,,
Somalia,2012,,,
South Africa,2012,0.05,0.05,0.05
South Sudan,2012,,,
Spain,2012,0.05,0.03,0.03
Sri Lanka,2012,0.08,0.08,0.08
Sudan,2012,,,
Suriname,2012,0.05,0.05,0.05
Swaziland,2012,0.05,0.05,0.05
Sweden,2012,0.02,0.02,0.02
Switzerland,2012,0.05,0.05,0.05
Syrian Arab Republic,2012,0.05,0.05,0.05
Tajikistan,2012,0.03,0.03,0.03
Thailand,2012,0.05,0.05,
The former Yugoslav republic of Macedonia,2012,0.05,,
Timor-Leste,2012,0.05,0.05,0.05
Togo,2012,,,
Tonga,2012,0.03,0.03,0.03
Trinidad and Tobago,2012,0.08,0.08,0.08
Tunisia,2012,0.05,0.05,
Turkey,2012,0.05,0.05,
Turkmenistan,2012,,,
Tuvalu,2012,,,
Uganda,2012,0.08,0.08,0.08
Ukraine,2012,0.02,0.02,0.02
United Arab Emirates,2012,,,
United Kingdom of Great Britain and Northern Ireland,2012,0.08,0.08,0.08
United Republic of Tanzania,2012,0.08,0.08,
United States of America,2012,0.08,-,0.04
Uruguay,2012,0.03,0.03,
Uzbekistan,2012,,,
Vanuatu,2012,,,
Venezuela (Bolivarian Republic of),2012,0.08,0.08,0.08
Viet Nam,2012,,,
Yemen,2012,,,
Zambia,2012,0.08,0.08,0.08
Zimbabwe,2012,0.08,0.08,0.08
