Country,Year,Random_breath_testing_RBT_use
Afghanistan,2012,No
Albania,2012,Yes
Algeria,2012,Yes
Andorra,2012,Yes
Angola,2012,Yes
Antigua and Barbuda,2012,No
Argentina,2012,Yes
Armenia,2012,Yes
Australia,2012,Yes
Austria,2012,Yes
Azerbaijan,2012,Yes
Bahamas,2012,No
Bahrain,2012,NA
Bangladesh,2012,No
Barbados,2012,No
Belarus,2012,Yes
Belgium,2012,Yes
Belize,2012,No
Benin,2012,Yes
Bhutan,2012,Yes
Bolivia (Plurinational State of),2012,No
Bosnia and Herzegovina,2012,Yes
Botswana,2012,Yes
Brazil,2012,No
Brunei Darussalam,2012,Yes
Bulgaria,2012,Yes
Burkina Faso,2012,NA
Burundi,2012,NA
Cte dIvoire,2012,No
Cabo Verde,2012,No
Cambodia,2012,Yes
Cameroon,2012,Yes
Canada,2012,No
Central African Republic,2012,No
Chad,2012,No
Chile,2012,Yes
China,2012,Yes
Colombia,2012,Yes
Comoros,2012,Yes
Congo,2012,No
Cook Islands,2012,Yes
Costa Rica,2012,Yes
Croatia,2012,Yes
Cuba,2012,Yes
Cyprus,2012,Yes
Czech Republic,2012,Yes
Democratic Peoples Republic of Korea,2012,NA
Democratic Republic of the Congo,2012,No
Denmark,2012,Yes
Djibouti,2012,NA
Dominica,2012,No
Dominican Republic,2012,No
Ecuador,2012,Yes
Egypt,2012,No
El Salvador,2012,Yes
Equatorial Guinea,2012,Yes
Eritrea,2012,Yes
Estonia,2012,Yes
Ethiopia,2012,No
Fiji,2012,Yes
Finland,2012,Yes
France,2012,Yes
Gabon,2012,No
Gambia,2012,No
Georgia,2012,No
Germany,2012,No
Ghana,2012,Yes
Greece,2012,Yes
Grenada,2012,No
Guatemala,2012,Yes
Guinea,2012,No
Guinea-Bissau,2012,Yes
Guyana,2012,Yes
Haiti,2012,NA
Honduras,2012,Yes
Hungary,2012,Yes
Iceland,2012,Yes
India,2012,Yes
Indonesia,2012,No
Iran (Islamic Republic of),2012,No
Iraq,2012,No
Ireland,2012,No
Israel,2012,Yes
Italy,2012,Yes
Jamaica,2012,No
Japan,2012,Yes
Jordan,2012,No
Kazakhstan,2012,No
Kenya,2012,No
Kiribati,2012,Yes
Kuwait,2012,NA
Kyrgyzstan,2012,Yes
Lao Peoples Democratic Republic,2012,Yes
Latvia,2012,Yes
Lebanon,2012,NA
Lesotho,2012,Yes
Liberia,2012,Yes
Libya,2012,NA
Lithuania,2012,Yes
Luxembourg,2012,No
Madagascar,2012,Yes
Malawi,2012,Yes
Malaysia,2012,Yes
Maldives,2012,NA
Mali,2012,Yes
Malta,2012,No
Marshall Islands,2012,NA
Mauritania,2012,NA
Mauritius,2012,No
Mexico,2012,Yes
Micronesia (Federated States of),2012,No
Monaco,2012,No
Mongolia,2012,No
Montenegro,2012,Yes
Morocco,2012,NA
Mozambique,2012,Yes
Myanmar,2012,Yes
Namibia,2012,Yes
Nauru,2012,NA
Nepal,2012,Yes
Netherlands,2012,Yes
New Zealand,2012,Yes
Nicaragua,2012,Yes
Niger,2012,No
Nigeria,2012,No
Niue,2012,Yes
Norway,2012,Yes
Oman,2012,No
Pakistan,2012,No
Palau,2012,No
Panama,2012,No
Papua New Guinea,2012,No
Paraguay,2012,Yes
Peru,2012,Yes
Philippines,2012,No
Poland,2012,Yes
Portugal,2012,Yes
Qatar,2012,NA
Republic of Korea,2012,Yes
Republic of Moldova,2012,Yes
Romania,2012,Yes
Russian Federation,2012,Yes
Rwanda,2012,Yes
Saint Kitts and Nevis,2012,No
Saint Lucia,2012,Yes
Saint Vincent and the Grenadines,2012,No
Samoa,2012,NA
San Marino,2012,Yes
Sao Tome and Principe,2012,No
Saudi Arabia,2012,NA
Senegal,2012,No
Serbia,2012,Yes
Seychelles,2012,Yes
Sierra Leone,2012,No
Singapore,2012,Yes
Slovakia,2012,Yes
Slovenia,2012,Yes
Solomon Islands,2012,NA
Somalia,2012,NA
South Africa,2012,No
Spain,2012,Yes
Sri Lanka,2012,Yes
Sudan,2012,No
Suriname,2012,Yes
Swaziland,2012,Yes
Sweden,2012,Yes
Switzerland,2012,Yes
Syrian Arab Republic,2012,No
Tajikistan,2012,Yes
Thailand,2012,No
The former Yugoslav republic of Macedonia,2012,Yes
Timor-Leste,2012,Yes
Togo,2012,No
Tonga,2012,Yes
Trinidad and Tobago,2012,Yes
Tunisia,2012,Yes
Turkey,2012,Yes
Turkmenistan,2012,Yes
Tuvalu,2012,No
Uganda,2012,Yes
Ukraine,2012,Yes
United Arab Emirates,2012,NA
United Kingdom of Great Britain and Northern Ireland,2012,Yes
United Republic of Tanzania,2012,Yes
United States of America,2012,No
Uruguay,2012,Yes
Uzbekistan,2012,Yes
Vanuatu,2012,NA
Venezuela (Bolivarian Republic of),2012,Yes
Viet Nam,2012,No
Yemen,2012,No
Zambia,2012,Yes
Zimbabwe,2012,Yes
